Event Name,Facility,Date,Start Time,End Time,Address,Recurrence,Category,Festival,Admission
Little 500,,4/12/2011,0:00:00,4/16/2011 23:59:00,,,Sports
Lil Wayne,Indiana University Auditorium,4/12/2011,19:00:00,,"1211 East 7th Street, Bloomington, IN 47405",,Entertainment,Little 500
$2 Tuesday,Kilroy's on Kirkwood,4/5/2011,19:00:00,4/6/2011 2:30:00,"502 E. Kirkwood Ave, Bloomington, IN 47408",1w,Bar Special
Indiana Football vs Indiana State,Memorial Stadium,9/1/2012,,,"701 East 17th Street, Bloomington, IN 47408",,Sports
Indiana Football vs Ball State,Memorial Stadium,9/15/2012,,,"701 East 17th Street, Bloomington, IN 47408",,Sports
Indiana Football vs Michigan State,Memorial Stadium,10/6/2012,,,"701 East 17th Street, Bloomington, IN 47408",,Sports
Indiana Football vs Ohio State,Memorial Stadium,10/13/2012,,,"701 East 17th Street, Bloomington, IN 47408",,Sports
Indiana Football vs Iowa,Memorial Stadium,11/3/2012,,,"701 East 17th Street, Bloomington, IN 47408",,Sports
Indiana Football vs Wisconsin,Memorial Stadium,11/10/2012,,,"701 East 17th Street, Bloomington, IN 47408",,Sports
Indiana Baseball vs Ohio State,"Sembower Field, Men's Stadium",4/8/2011,15:05:00,,"1200 North Fee Lane, Bloomington, IN 47408",,Sports
Indiana Baseball vs Ohio State,"Sembower Field, Men's Stadium",4/9/2011,13:05:00,,"1200 North Fee Lane, Bloomington, IN 47408",,Sports
Indiana Baseball vs Ohio State,"Sembower Field, Men's Stadium",4/10/2011,13:05:00,,"1200 North Fee Lane, Bloomington, IN 47408",,Sports
Indiana Football vs Virginia,Memorial Stadium,9/10/2011,,,"701 East 17th Street, Bloomington, IN 47408",,Sports
Cream & Crimson Spring Game,Memorial Stadium,4/16/2011,11:00:00,,"701 East 17th Street, Bloomington, IN 47408",,Sports
Indiana Football vs South Carolina State,Memorial Stadium,9/17/2011,,,"701 East 17th Street, Bloomington, IN 47408",,Sports
Indiana Football vs Penn State,Memorial Stadium,10/1/2011,,,"701 East 17th Street, Bloomington, IN 47408",,Sports
Indiana Football vs Illinois,Memorial Stadium,10/8/2011,,,"701 East 17th Street, Bloomington, IN 47408",,Sports
Indiana Football vs Northwestern,Memorial Stadium,10/29/2011,,,"701 East 17th Street, Bloomington, IN 47408",,Sports
Indiana Football vs Purdue,Memorial Stadium,11/26/2011,,,"701 East 17th Street, Bloomington, IN 47408",,Sports
Indiana Baseball vs Indiana State,"Sembower Field, Men's Stadium",4/13/2011,15:05:00,,"1200 North Fee Lane, Bloomington, IN 47408",,Sports
Indiana Baseball vs Morehead State,"Sembower Field, Men's Stadium",4/20/2011,15:05:00,,"1200 North Fee Lane, Bloomington, IN 47408",,Sports
Indiana Baseball vs Minnesota,"Sembower Field, Men's Stadium",4/22/2011,15:05:00,,"1200 North Fee Lane, Bloomington, IN 47408",,Sports
Indiana Baseball vs Minnesota,"Sembower Field, Men's Stadium",4/23/2011,13:05:00,,"1200 North Fee Lane, Bloomington, IN 47408",,Sports
Indiana Baseball vs Minnesota,"Sembower Field, Men's Stadium",4/24/2011,13:05:00,,"1200 North Fee Lane, Bloomington, IN 47408",,Sports
Indiana Baseball vs Miami (OH),"Sembower Field, Men's Stadium",4/26/2011,15:05:00,,"1200 North Fee Lane, Bloomington, IN 47408",,Sports
Indiana Baseball vs Northwestern,"Sembower Field, Men's Stadium",5/6/2011,15:05:00,,"1200 North Fee Lane, Bloomington, IN",,Sports
Indiana Baseball vs Northwestern,"Sembower Field, Men's Stadium",5/7/2011,13:05:00,,"1200 North Fee Lane, Bloomington, IN 47408",,Sports
Indiana Baseball vs Northwestern,"Sembower Field, Men's Stadium",5/8/2011,13:05:00,,"1200 North Fee Lane, Bloomington, IN 47408",,Sports
Indiana Baseball vs Michigan State,"Sembower Field, Men's Stadium",5/13/2011,15:05:00,,"1200 North Fee Lane, Bloomington, IN 47408",,Sports
Indiana Baseball vs Michigan State,"Sembower Field, Men's Stadium",5/14/2011,13:05:00,,"1200 North Fee Lane, Bloomington, IN 47408",,Sports
Indiana Baseball vs Michigan State,"Sembower Field, Men's Stadium",5/15/2011,13:05:00,,"1200 North Fee Lane, Bloomington, IN 47408",,Sports
Indiana Baseball vs Louisville,"Sembower Field, Men's Stadium",5/17/2011,15:05:00,,"1200 North Fee Lane, Bloomington, IN 47408",,Sports
Adidas Hoosier Invitational,IU Golf Course,4/9/2011,,4/10/2011 TBA,"1350 South State Road 446, Bloomington, IN 47401",,Sports
Indiana Men's Tennis vs Illinois,Tennis Center,4/2/2011,12:00:00,,"1833 North Fee Lane, Bloomington, IN 47408",,Sports
Indiana Men's Tennis vs Iowa,Tennis Center,4/3/2011,12:00:00,,"1833 North Fee Lane, Bloomington, IN 47408",,Sports
Indiana Men's Tennis vs Northwestern,Tennis Center,4/15/2011,14:00:00,,"1833 North Fee Lane, Bloomington, IN 47408",,Sports
Indiana Men's Track & Field Indiana Invitational,,4/16/2011,,4/17/2011 TBA,,,Sports
Indiana Men's Track & Field Polytan Invitational,,4/21/2011,,4/23/2011 TBA,,,Sports
Indiana Men's Track & Field Billy Hayes Invitational,,5/6/2011,,,,,Sports
Indiana Men's Track & Field NCAA East Preliminary Round,,5/26/2011,,5/28/2011 TBA,,,Sports
Indiana Women's Golf Indiana Invitational,IU Golf Course,4/4/2011,,4/5/2011 TBA,"1350 South State Road 446, Bloomington, IN 47401",,Sports
"Indiana Dale England Cup (Boston University, Michigan State, Gonzaga)",,4/1/2011,,4/2/2011 TBA,,,Sports
Indiana Softball vs Ohio State,"Sembower Field, Women's Stadium",4/13/2011,14:00:00,,"1200 North Fee Lane, Bloomington, IN 47408",,Sports
Indiana Softball vs Ohio State,"Sembower Field, Women's Stadium",4/13/2011,16:00:00,,"1200 North Fee Lane, Bloomington, IN 47408",,Sports
Indiana Softball vs Wisconsin,"Sembower Field, Women's Stadium",4/16/2011,13:00:00,,"1200 North Fee Lane, Bloomington, IN 47408",,Sports
Indiana Softball vs Wisconsin,"Sembower Field, Women's Stadium",4/17/2011,13:00:00,,"1200 North Fee Lane, Bloomington, IN 47408",,Sports
Indiana Softball vs Ball State,"Sembower Field, Women's Stadium",4/20/2011,15:00:00,,"1200 North Fee Lane, Bloomington, IN 47408",,Sports
Indiana Softball vs Iowa,"Sembower Field, Women's Stadium",4/30/2011,13:00:00,,"1200 North Fee Lane, Bloomington, IN 47408",,Sports
Indiana Softball vs Iowa,"Sembower Field, Women's Stadium",5/1/2011,13:00:00,,"1200 North Fee Lane, Bloomington, IN 47408",,Sports
Indiana Softball vs Purdue,"Sembower Field, Women's Stadium",5/14/2011,13:00:00,,"1200 North Fee Lane, Bloomington, IN, 47408",,Sports
Indiana Softball vs Purdue,"Sembower Field, Women's Stadium",5/14/2011,15:00:00,,"1200 North Fee Lane, Bloomington, IN 47408",,Sports
Indiana Women's Tennis vs Wisconsin,Tennis Center,4/9/2011,11:00:00,,"1833 North Fee Lane, Bloomington, IN 47408",,Sports
Indiana Women's Tennis vs Minnesota,Tennis Center,4/10/2011,11:00:00,,"1833 North Fee Lane, Bloomington, IN 47408",,Sports
Indiana Women's Tennis vs Ohio State,Tennis Center,4/23/2011,11:00:00,,"1833 North Fee Lane, Bloomington, IN 47408",,Sports
Indiana Women's Tennis vs Penn State,Tennis Center,4/24/2011,11:00:00,,"1833 North Fee Lane, Bloomington, IN 47408",,Sports
Indiana Women's Water Polo CWPA Eastern Championship,Counsilman Billingsley Aquatic Center,4/29/2011,,5/1/2011 TBA,"1601 East Law Lane, Bloomington, IN 47408",,Sports
Singing Hoosiers Spring Concert,Indiana University Auditorium,4/2/2011,20:00:00,,"1211 East 7th Street 
Bloomington, IN  47405
",,Entertainment
Joffrey Ballet Chicago,Indiana University Auditorium,4/5/2011,20:00:00,,"1211 East 7th Street 
Bloomington, IN  47405
",,Entertainment
Monty Python's Spamalot (Touring),Indiana University Auditorium,4/27/2011,20:00:00,,"1211 East 7th Street 
Bloomington, IN  47405
",,Entertainment,,$38 - $60
Monty Python's Spamalot (Touring),Indiana University Auditorium,4/28/2011,20:00:00,,"1211 East 7th Street 
Bloomington, IN  47405
",,Entertainment,,$38 - $60
Carol Burnett,Indiana University Auditorium,4/18/2011,20:00:00,,"1211 East 7th Street 
Bloomington, IN  47405
",,Entertainment,,"Tickets on sale March 9, 10 a.m.
IUB: $33-58
General: $45-68"
Taste of Asia,Indiana University Auditorium,4/8/2011,17:30:00,,"1211 East 7th Street, Bloomington, IN 47405",,Entertainment,,Free and Open to the Public
Honors Convocation,Indiana University Auditorium,4/10/2011,14:00:00,,"1211 East 7th Street, Bloomington, IN 47405",,Entertainment,,Not Ticketed
Carmina Burana,Indiana University Auditorium,4/17/2011,19:30:00,,"1211 East 7th Street, Bloomington, IN 47405",,Entertainment
IU's Straight No Chaser 15th Anniversary Concert with Atlantic Records SNC,Indiana University Auditorium,4/29/2011,20:00:00,,"1211 East 7th Street, Bloomington, IN 47405",,Entertainment
Language of Angels,Lee Norvell Theatre and Drama,4/1/2011,19:30:00,,"275 North Jordan Avenue,
Bloomington, IN 47405",,Entertainment
Language of Angels,Lee Norvell Theatre and Drama,4/2/2011,14:00:00,,"275 North Jordan Avenue,
Bloomington, IN 47405
",,Entertainment
Language of Angels,Lee Norvell Theatre and Drama,4/2/2011,19:30:00,,"275 North Jordan Avenue,
Bloomington, IN 47405
",,Entertainment
Anything Goes,Lee Norvell Theatre and Drama,4/15/2011,19:30:00,,"275 North Jordan Avenue,
Bloomington, IN 47405",,Entertainment
Anything Goes,Lee Norvell Theatre and Drama,4/16/2011,19:30:00,,"275 North Jordan Avenue,
Bloomington, IN 47405",,Entertainment
Anything Goes,Lee Norvell Theatre and Drama,4/23/2011,14:00:00,,"275 North Jordan Avenue,
Bloomington, IN 47405",,Entertainment
Anything Goes,Lee Norvell Theatre and Drama,4/23/2011,19:30:00,,"275 North Jordan Avenue,
Bloomington, IN 47405",,Entertainment
6th Annual IU Mini Marathon and 5K Run/Walk,,4/2/2011,,,IU Campus and Downtown Bloomington,,Recreation
Bloomington Handmade Market,Bloomington Convention Center,4/2/2011,10:00:00,16:00:00,"302 College Avenue, Bloomington, IN 47408",,Food,,FREE
IU Circle of Life Mini-Marathon,Race Starts and Finishes in the Area Around Memorial Stadium and Assembly Hall on the North Side of Campus,4/2/2011,8:00:00,,,,Recreation,,Early Registration: $40; Faculty/Staff/Alumni/Students: $45; General Public: $50
Pokey Lafarge & The South City Three (Third Man Records),The Bishop,4/3/2011,20:00:00,,"123 South Walnut Street, Bloomington, IN 47404",,Bar,,$5
Be More Awards!,Buskirk Chumley Theater,4/5/2011,19:00:00,20:30:00,"114 East Kirkwood Avenue
Bloomington, IN 47408",,Entertainment,,FREE
The Joffery Ballet,IU Auditorium,4/5/2011,20:00:00,,"1211 East 7th Street, Bloomington, IN 47405",,Entertainment,,$20 - $35
Cold Cave (Matador Records),The Bishop,4/8/2011,23:00:00,,"123 South Walnut Street, Bloomington, IN 47404",,Bar,,$5 in Advance or $8 Day of Show
African American Dance Company Spring Concert,Buskirk Chumley Theater,4/9/2011,20:00:00,22:00:00,"114 East Kirkwood Avenue
Bloomington, IN 47408",,Entertainment,,General Admission: $20; Children & Students: $10 (Limited 2 Per Student ID)
Gallary Talk & Film: Van Gogh in Focus and Lust for Life,IU Art Muesum and IU Cinema,4/10/2011,Talk at Art Muesum 14:15:00; Film at IU Cinema 15:00:00,,"1133 East 7th Street, Bloomington, IN 47405; 1213 East 7th Street, Bloomington, IN 47405",,Art,,FREE but Tickets required from IU Auditorium Box Office
NO JOKE: Ladies First Spring Show,Buskirk Chumley Theater,4/13/2011,20:00:00,,"114 East Kirkwood Avenue
Bloomington, IN 47408",,Entertainment,,$7 with Student ID; $12 General Public
Banff Mountain Film Festival,Buskirk Chumley Theater,4/2/2011,19:00:00,,"114 East Kirkwood Avenue
Bloomington, IN 47408",,Entertainment,,$10 with IUB Student ID; $15 General Public; Free for children under 5
Banff Mountain Film Festival,Buskirk Chumley Theater,4/3/2011,19:00:00,,"114 East Kirkwood Avenue
Bloomington, IN 47408",,Entertainment,,$10 with IUB Student ID; $15 General Public; Free for children under 5
IU Contemporary Dance Performance,Buskirk Chumley Theater,4/15/2011,,,"114 East Kirkwood Avenue
Bloomington, IN 47408",,Entertainment
Red Green's Wit & Wisdom Tour,Buskirk Chumley Theater,4/16/2011,20:00:00,,"114 East Kirkwood Avenue
Bloomington, IN 47408",,Entertainment,,$45 General Public
IU Soul Revue Spring Concert,Buskirk Chumley Theater,4/23/2011,,,"114 East Kirkwood Avenue
Bloomington, IN 47408",,Entertainment,,General $20; Children & Students $10 (Limit 2 Per Student ID)
Dear Edwina Junior,Buskirk Chumley Theater,4/30/2011,13:00:00,,"114 East Kirkwood Avenue
Bloomington, IN 47408",,Entertainment,,General Public: $10
Dear Edwina Junior,Buskirk Chumley Theater,4/30/2011,18:00:00,,"114 East Kirkwood Avenue
Bloomington, IN 47408",,Entertainment,,General Public: $10
Dear Edwina Junior,Buskirk Chumley Theater,5/1/2011,14:30:00,,"114 East Kirkwood Avenue
Bloomington, IN 47408",,Entertainment,,General Public: $10
Dear Edwina Junior,Buskirk Chumley Theater,5/1/2011,18:30:00,,"114 East Kirkwood Avenue
Bloomington, IN 47408",,Entertainment,,General Public: $10
Kentucky Symphony Orchestra Concert,Buskirk Chumley Theater,5/7/2011,,,"114 East Kirkwood Avenue
Bloomington, IN 47408",,Entertainment
TedxBloomington Wisdom of Play,Buskirk Chumley Theater,5/14/2011,,,"114 East Kirkwood Avenue
Bloomington, IN 47408",,Entertainment
Dancing with the Celebrities,Buskirk Chumley Theater,5/21/2011,20:00:00,,"114 East Kirkwood Avenue
Bloomington, IN 47408",,Entertainment,,General Public: $25
Master of Fine ArtsThesis Exhibitions,IU Art Muesum,4/1/2011,18:00:00,20:00:00,"1133 East 7th Street, Bloomington, IN 47405",,Art
Jorgensen Lecture Series,IU Cinema,4/1/2011,15:00:00,,"1213 East 7th Street, Bloomington, IN 47405",,Art
Freedom Riders,IU Cinema,4/1/2011,19:00:00,,"1213 East 7th Street, Bloomington, IN 47405",,Art
Certified Copy,IU Cinema,4/2/2011,15:00:00,,"1213 East 7th Street, Bloomington, IN 47405",,Art
Certified Copy,IU Cinema,4/2/2011,18:30:00,,"1213 East 7th Street, Bloomington, IN 47405",,Art
Certified Copy,IU Cinema,4/2/2011,21:30:00,,"1213 East 7th Street, Bloomington, IN 47405",,Art
Certified Copy,IU Cinema,4/3/2011,15:00:00,,"1213 East 7th Street, Bloomington, IN 47405",,Art
The Beaches of Agnes,IU Cinema,4/3/2011,18:30:00,,"1213 East 7th Street, Bloomington, IN 47405",,Art
Cave of Forgotten Dreams,IU Cinema,4/4/2011,19:00:00,,"1213 East 7th Street, Bloomington, IN 47405",,Art
Jorgensen Lecture Series,IU Cinema,4/7/2011,15:00:00,,"1213 East 7th Street, Bloomington, IN 47405",,Art
Special Event,IU Cinema,4/7/2011,19:00:00,,"1213 East 7th Street, Bloomington, IN 47405",,Art
Jorgensen Lecture Series,IU Cinema,4/8/2011,15:00:00,,"1213 East 7th Street, Bloomington, IN 47405",,Art
Rudy,IU Cinema,4/8/2011,18:30:00,,"1213 East 7th Street, Bloomington, IN 47405",,Art
Hoosiers,IU Cinema,4/8/2011,21:30:00,,"1213 East 7th Street, Bloomington, IN 47405",,Art
Hans Scheirl Shorts Program,IU Cinema,4/9/2011,15:00:00,,"1213 East 7th Street, Bloomington, IN 47405",,Art
Dandy Dust,IU Cinema,4/9/2011,18:30:00,,"1213 East 7th Street, Bloomington, IN 47405",,Art
Flaming Ears,IU Cinema,4/9/2011,21:30:00,,"1213 East 7th Street, Bloomington, IN 47405",,Art
Lust for Life,IU Cinema,4/10/2011,15:00:00,,"1213 East 7th Street, Bloomington, IN 47405",,Art
Breaking Away,IU Cinema,4/10/2011,18:30:00,,"1213 East 7th Street, Bloomington, IN 47405",,Art
Breaking Away,IU Cinema,4/11/2011,19:00:00,,"1213 East 7th Street, Bloomington, IN 47405",,Art
La Seconda Volta,IU Cinema,4/13/2011,19:00:00,,"1213 East 7th Street, Bloomington, IN 47405",,Art
The German Factory,IU Cinema,4/14/2011,19:00:00,,"1213 East 7th Street, Bloomington, IN 47405",,Art
I Prefer the Sound of the Sea,IU Cinema,4/15/2011,19:00:00,,"1213 East 7th Street, Bloomington, IN 47405",,Art
The Red Shirt,IU Cinema,4/16/2011,19:00:00,,"1213 East 7th Street, Bloomington, IN 47405",,Art
Le Quattro Volte,IU Cinema,4/17/2011,15:00:00,,"1213 East 7th Street, Bloomington, IN 47405",,Art
Le Quattro Volte,IU Cinema,4/17/2011,18:30:00,,"1213 East 7th Street, Bloomington, IN 47405",,Art
Le Quattro Volte,IU Cinema,4/18/2011,19:00:00,,"1213 East 7th Street, Bloomington, IN 47405",,Art
Pinoy Sunday,IU Cinema,4/21/2011,18:30:00,,"1213 East 7th Street, Bloomington, IN 47405",,Art
Underground Film Series,IU Cinema,4/22/2011,18:30:00,,"1213 East 7th Street, Bloomington, IN 47405",,Art
Uncle Boonmee Who Can Recall His Past Lives,IU Cinema,4/22/2011,21:30:00,,"1213 East 7th Street, Bloomington, IN 47405",,Art
CINEkids,IU Cinema,4/23/2011,15:00:00,,"1213 East 7th Street, Bloomington, IN 47405",,Art
Asian Film Series,IU Cinema,4/23/2011,18:30:00,,"1213 East 7th Street, Bloomington, IN 47405",,Art
Uncle Boonmee Who Can Recall His Past Lives,IU Cinema,4/23/2011,21:30:00,,"1213 East 7th Street, Bloomington, IN 47405",,Art
Uncle Boonmee Who Can Recall His Past Lives,IU Cinema,4/24/2011,15:00:00,,"1213 East 7th Street, Bloomington, IN 47405",,Art
Uncle Boonmee Who Can Recall His Past Lives,IU Cinema,4/24/2011,18:30:00,,"1213 East 7th Street, Bloomington, IN 47405",,Art
Uncle Boonmee Who Can Recall His Past Lives,IU Cinema,4/25/2011,19:00:00,,"1213 East 7th Street, Bloomington, IN 47405",,Art
Nathan and the Luthier,IU Cinema,4/26/2011,19:00:00,,"1213 East 7th Street, Bloomington, IN 47405",,Art
L'Avventura,IU Cinema,4/28/2011,19:00:00,,"1213 East 7th Street, Bloomington, IN 47405",,Art
A Women Under the Influence,IU Cinema,4/29/2011,18:30:00,,"1213 East 7th Street, Bloomington, IN 47405",,Art
La Notte,IU Cinema,4/30/2011,15:00:00,,"1213 East 7th Street, Bloomington, IN 47405",,Art
Fifth Annual Iris Film Festival,IU Cinema,4/30/2011,19:00:00,,"1213 East 7th Street, Bloomington, IN 47405",,Art
The Eclipse,IU Cinema,5/1/2011,15:00:00,,"1213 East 7th Street, Bloomington, IN 47405",,Art
Red Desert,IU Cinema,5/2/2011,19:00:00,,"1213 East 7th Street, Bloomington, IN 47405",,Art
IU Student Film Productions,IU Cinema,5/3/2011,19:00:00,,"1213 East 7th Street, Bloomington, IN 47405",,Art
IU Student Film Productions,IU Cinema,5/4/2011,19:00:00,,"1213 East 7th Street, Bloomington, IN 47405",,Art
The Screaming Man,IU Cinema,5/5/2011,18:30:00,,"1213 East 7th Street, Bloomington, IN 47405",,Art
The Screaming Man,IU Cinema,5/5/2011,21:30:00,,"1213 East 7th Street, Bloomington, IN 47405",,Art
The Screaming Man,IU Cinema,5/6/2011,18:30:00,,"1213 East 7th Street, Bloomington, IN 47405",,Art
The Screaming Man,IU Cinema,5/6/2011,21:30:00,,"1213 East 7th Street, Bloomington, IN 47405",,Art
The Screaming Man,IU Cinema,5/8/2011,15:00:00,,"1213 East 7th Street, Bloomington, IN 47405",,Art
The Screaming Man,IU Cinema,5/8/2011,18:30:00,,"1213 East 7th Street, Bloomington, IN 47405",,Art
The Princess of Montpensier,IU Cinema,5/12/2011,19:00:00,,"1213 East 7th Street, Bloomington, IN 47405",,Art
The Princess of Montpensier,IU Cinema,5/13/2011,19:00:00,,"1213 East 7th Street, Bloomington, IN 47405",,Art
The Princess of Montpensier,IU Cinema,5/14/2011,19:00:00,,"1213 East 7th Street, Bloomington, IN 47405",,Art
Funky Monks (Red Hot Chili Peppers Tribute),The Bluebird Nightclub,4/2/2011,,,"216 North Walnut Street, Bloomington, IN 47408",,Music
Cody Canada and The Departed,The Bluebird Nightclub,4/5/2011,,,"216 North Walnut Street, Bloomington, IN 47408",,Music
"Digital Tape Machine & Kick the McGee (Joel, Jake, and Kris from Umphrey's McGee)",The Bluebird Nightclub,4/8/2011,,,"216 North Walnut Street, Bloomington, IN 47408",,Music
Drive By Truckers,The Bluebird Nightclub,4/10/2011,,,"216 North Walnut Street, Bloomington, IN 47408",,Music
Lee Brice,The Bluebird Nightclub,4/12/2011,,,"216 North Walnut Street, Bloomington, IN 47408",,Music
Budos Band,The Bluebird Nightclub,4/22/2011,,,"216 North Walnut Street, Bloomington, IN 47408",,Music
Andy Hollinden,The Bluebird Nightclub,4/29/2011,,,"216 North Walnut Street, Bloomington, IN 47408",,Music
Zoso (The Ultimate Led Zeppelin Tribute),The Bluebird Nightclub,4/30/2011,,,"216 North Walnut Street, Bloomington, IN 47408",,Music
$3 Thursday,Kilroy's on Kirkwood,4/7/2011,19:00:00,4/8/2011 2:30:00,"502 E. Kirkwood Ave, Bloomington, IN 47408",1w,Bar Special
Five Buck Friday,Kilroy's Bar & Grill: Sports Bar,4/1/2011,16:00:00,4/2/2011 3:00:00,"319 North Walnut Street, Bloomington, IN 47404",1w,Bar Special,,$5 cover charge
$1 Wells and $1 High Life Cans,Kilroy's Bar & Grill: Sports Bar,4/4/2011,16:00:00,4/5/2011 3:00:00,"319 North Walnut Street, Bloomington, IN 47404",1w,Bar Special
"$2 Tuesday, Everything under $6 is $2",Kilroy's Bar & Grill: Sports Bar,4/5/2011,16:00:00,4/6/2011 3:00:00,"319 North Walnut Street, Bloomington, IN 47404",1w,Bar Special
Half Price Wednesday - Everything is Half Price,Kilroy's Bar & Grill: Sports Bar,4/6/2011,16:00:00,4/7/2011 3:00:00,"319 North Walnut Street, Bloomington, IN 47404",1w,Bar Special
"$3 Thursday, Everything under $7 is $3",Kilroy's Bar & Grill: Sports Bar,4/7/2011,16:00:00,4/8/2011 3:00:00,"319 North Walnut Street, Bloomington, IN 47404",1w,Bar Special,,$3 Cover Charge
"$3 Stoli, $3 Sailor, $3 Beam Red Stag and $3 Jager Shooters",Kilroy's Bar & Grill: Sports Bar,4/2/2011,16:00:00,4/3/2011 3:00:00,"319 North Walnut Street, Bloomington, IN 47404",1w,Bar Special
"Happy Hour All Night Long (Wells $1, 32 oz Domestic $3, 32 oz Import $4, Long Islands $3)",Kilroy's on Kirkwood,4/4/2011,,,"502 E. Kirkwood Ave, Bloomington, IN 47408",1w,Bar Special
"1/2 Price Martinis, 1/2 Price Bottles of Wine, 1/2 Price Microbrew Pitchers",Kilroy's on Kirkwood,4/6/2011,,,"502 E. Kirkwood Ave, Bloomington, IN 47408",1w,Bar Special
"FAC - $1.50 Wells, $3 Long Islands, $3 Drafts",Kilroy's on Kirkwood,4/1/2011,,,"502 E. Kirkwood Ave, Bloomington, IN 47408",1w,Bar Special
"Dollar Double Ups on Mixed Drinks, $4 Domestic 32 oz pitchers, $5 Imports 32 oz pitchers, 32 oz sangria or Bloody Mary $5",Kilroy's on Kirkwood,4/3/2011,,,"502 E. Kirkwood Ave, Bloomington, IN 47408",1w,Bar Special
"$1.75 Select Domestic Brews, $1.75 Wells, $3 Jager Bombs",Yogi's Bar & Grill,4/4/2011,11:00:00,4/5/2011 1:00:00,"519 East 10th Street, Bloomington, IN 47408",1w,Bar Special
"$1.00 Off Microbrew Pints, $2.75 Absolut, Stoli, and Smirnoff Vodka, $3 Grape Bombs",Yogi's Bar & Grill,4/5/2011,11:00:00,4/6/2011 1:00:00,"519 East 10th Street, Bloomington, IN 47408",1w,Bar Special
"$1.75 Select Domestic Brews, $1.75 Wells, $3 Cherry Bombs",Yogi's Bar & Grill,4/6/2011,11:00:00,4/7/2011 1:00:00,"519 East 10th Street, Bloomington, IN 47408",1w,Bar Special
"$1.00 off all select Domestic Mini Pitchers, $2.00 off all other Draft Mini Pitchers, $4.50 Minis of Long Island and Long Beach, $4.50 Minis of Blue Hawaiian and Rocky Margarita, $3.00 Smirnoff Strawberry Bombs",Yogi's Bar & Grill,4/7/2011,11:00:00,4/8/2011 1:00:00,"519 East 10th Street, Bloomington, IN 47408",1w,Bar Special
"$8.25 Pitchers of Bud and Bud Light, $2.50 Bacardi, $3.00 Bacardi ""O"" and Bacardi Limon Bombs",Yogi's Bar & Grill,4/1/2011,11:00:00,4/2/2011 2:00:00,"519 East 10th Street, Bloomington, IN 47408",1w,Bar Special
"$8.25 Pitchers of Miller Lite, $3.00 Jack Daniels, $3.00 Captain Morgan, $3.00 Smirnoff Watermelon Bombs",Yogi's Bar & Grill,4/2/2011,11:00:00,4/3/2011 2:00:00,"519 East 10th Street, Bloomington, IN 47408",1w,Bar Special
"$13.50 Bottled Buckets of Beer, $3.00 Smirnoff Bloody Mary's, $3.00 Upland, BBC, and Bell's Pints",Yogi's Bar & Grill,4/3/2011,12:00:00,4/4/2011 1:00:00,"519 East 10th Street, Bloomington, IN 47408",1w,Bar Special
Beer Pong,Jakes Night Club,4/4/2011,21:00:00,4/5/2011 3:00:00,"419 North Walnut Street, Bloomington, IN, 47404",1w,Bar Special,,"Guys teams - $10, Guy/Girl - $5, Girls compete free.  No Cover"
SIN ,Jakes Night Club,4/5/2011,21:00:00,4/6/2011 3:00:00,"419 North Walnut Street, Bloomington, IN, 47404",1w,Bar Special,,"SIN cards get you in free, $2 cover for everyone else"
Karoke,Jakes Night Club,4/6/2011,22:00:00,4/7/2011 2:00:00,"419 North Walnut Street, Bloomington, IN, 47404",1w,Bar Special,,No Cover
"Mug Night (25 cent Bud/Bud Light Drafts, $2 Triple Wells)",Jakes Night Club,4/7/2011,21:00:00,4/8/2011 3:00:00,"419 North Walnut Street, Bloomington, IN, 47404",1w,Bar Special,,No Cover Before 11PM
Futuristic Fridays,Jakes Night Club,4/1/2011,21:00:00,4/2/2011 3:00:00,"419 North Walnut Street, Bloomington, IN, 47404",1w,Bar Special,,$5 Cover for non-ticketed events
"Jake's Saturday ($4 Patron, $4 Crown Black, $3 Bacardi, $3 Corona)",Jakes Night Club,4/2/2011,21:00:00,4/3/2011 3:00:00,"419 North Walnut Street, Bloomington, IN, 47404",1w,Bar Special,,"No Cover before Midnight, $5 after"
"$1.50 Wells, $3 Local Beers, $6 Nip and a Pound, $7 Pitchers of Miller Light",Nick's English Pub,4/4/2011,,,"423 East Kirkwood Avenue, Bloomington, IN 47408",1w,Bar Special
"$1.50 Wells, $3 Local Beers, $6 Nip and a Pound, $7 Pitchers of Miller Light, $3.50 Long Islands",Nick's English Pub,4/5/2011,,,"423 East Kirkwood Avenue, Bloomington, IN 47408",1w,Bar Special
"$1.50 Wells, $3 Local Beers, $6 Nip and a Pound, $7 Pitchers of Miller Light, $3.50 Long Islands, $3 Bombs Away, 1/2 Price Mirassou Wine",Nick's English Pub,4/6/2011,,,"423 East Kirkwood Avenue, Bloomington, IN 47408",1w,Bar Special
"32 oz pitchers Coors Light and Miller Lite $3, Killians $4, Blue Moon $5, All well drinks · $1.50, Nip and a Pound · $6, Bartender Special · $2.50, Long Islands · $3.50, Bacardi Bombs Special · $3, Fat Thursday $3.50 (16 oz), Pitchers of Miller Lite, Coors Light and Bud Light · $7",Nick's English Pub,4/7/2011,,,"423 East Kirkwood Avenue, Bloomington, IN 47408",1w,Bar Special
"Captain · Crown · Jameson · Absolu · $3, Franzi Friday (Weissbier from Germany) · $4 (16.9 oz)",Nick's English Pub,4/1/2011,,,"423 East Kirkwood Avenue, Bloomington, IN 47408",1w,Bar Special
"Captain · Crown · Jameson · Absolut · $3, Sammy Saturday · Sam Adams choice beer · $3.50 (16 oz) $13 pitchers",Nick's English Pub,4/2/2011,,,"423 East Kirkwood Avenue, Bloomington, IN 47408",1w,Bar Special
"Margarita · $3.50, Double Smirnoff Bloody Mary · $4.50, Pitchers Bud/Budlight · $7, Pitchers Coors Light · $7",Nick's English Pub,4/3/2011,,,"423 East Kirkwood Avenue, Bloomington, IN 47408",1w,Bar Special
Bloomington Speedway Spring Clash,Bloomington Speedway,4/22/2011,,,"5185 South Fairfox Road, Bloomington, IN 47401",,Entertainment,,General: $15 - Pits: $30; Kids 12 and Under FREE
Season Opener,Bloomington Speedway,4/15/2011,,,"5185 South Fairfox Road, Bloomington, IN 47401",,Entertainment,,General $12– Pits $25
Bloomington Speedway  ,Bloomington Speedway,4/29/2011,,,"5185 South Fairfox Road, Bloomington, IN 47401",,Entertainment,,General $12– Pits $25; HARF Night - 1/2 price general admission w/valid membership card
King of Indiana Sprint Series,Bloomington Speedway,5/6/2011,,,"5185 South Fairfox Road, Bloomington, IN 47401",,Entertainment,,"General $15 – Pits $30
"
American Modified Series,Bloomington Speedway,5/13/2011,,,"5185 South Fairfox Road, Bloomington, IN 47401",,Entertainment,,General $12 – Pits $25
Larry Rice Classic,Bloomington Speedway,5/20/2011,,,"5185 South Fairfox Road, Bloomington, IN 47401",,Entertainment,,General $20 – Pits $30
Mail Pak Savings Magazine Night,Bloomington Speedway,5/27/2011,,,"5185 South Fairfox Road, Bloomington, IN 47401",,Entertainment,,General $12 – Pits $25
"HARF Night (Sprint Cars, UMP Super Stocks, UMP Modifieds, Hornets)",Bloomington Speedway,6/3/2011,,,"5185 South Fairfox Road, Bloomington, IN 47401",,Entertainment,,General $12– Pits $25; HARF Night - 1/2 price general admission w/valid membership card
Indiana Stoneworks Night,Bloomington Speedway,6/10/2011,,,"5185 South Fairfox Road, Bloomington, IN 47401",,Entertainment,,General $20 – Pits $30
Bloomington Speedway - B97 Night,Bloomington Speedway,6/17/2011,,,"5185 South Fairfox Road, Bloomington, IN 47401",,Entertainment,,General $12 – Pits $25
JD Byrider Night - 23rd Annual Sheldon Kinser Memorial,Bloomington Speedway,6/24/2011,,,"5185 South Fairfox Road, Bloomington, IN 47401",,Entertainment,,General $20– Pits $30
Bloomington Power Sports Night - 26th Annual Gigantic Aerial Fireworks Display,Bloomington Speedway,7/1/2011,,,"5185 South Fairfox Road, Bloomington, IN 47401",,Entertainment,,General $12 – Pits $25
American Modified Series - JB Salvage & Indiana Stoneworks,Bloomington Speedway,7/8/2011,,,"5185 South Fairfox Road, Bloomington, IN 47401",,Entertainment,,General $12 – Pits $25
24th Annual Sprint Week,Bloomington Speedway,7/15/2011,,,"5185 South Fairfox Road, Bloomington, IN 47401",,Entertainment,,General $20 – Pits $30
Rose & Walker Night,Bloomington Speedway,7/22/2011,,,"5185 South Fairfox Road, Bloomington, IN 47401",,Entertainment,,General $12 – Pits $25
World of Outlaws Sprint Cars,Bloomington Speedway,8/5/2011,,,"5185 South Fairfox Road, Bloomington, IN 47401",,Entertainment
11th Annual South Central Building & Construction Trade Council & Laborers Local 741 Night,Bloomington Speedway,8/12/2011,,,"5185 South Fairfox Road, Bloomington, IN 47401",,Entertainment,,General $12 – Pits $25
"Sprint Cars, UMP Modifieds, Hornets, UMP Super Stocks Tribute to Boyd ""Wheelbar"" Koontz",Bloomington Speedway,8/19/2011,,,"5185 South Fairfox Road, Bloomington, IN 47401",,Entertainment,,General $12 – Pits $25
"Sprint Cars, UMP Indiana Super Stocks, UMP Modifieds, Hornets",Bloomington Speedway,8/26/2011,,,"5185 South Fairfox Road, Bloomington, IN 47401",,Entertainment,,General $12 – Pits $25
Indiana Stoneworks Night - Season Finale,Bloomington Speedway,9/16/2011,,,"5185 South Fairfox Road, Bloomington, IN 47401",,Entertainment,,General $20 – Pits $30
New Wave Night (Depeche Mode Tribute/1980's Dance Party,The Bishop,4/23/2011,20:00:00,22:00:00,"123 South Walnut Street, Bloomington, IN 47404",,Bar Special,,$3
"Live Music: Joe Pug, Strand Of Oaks",The Bishop,4/28/2011,20:00:00,,"123 South Walnut Street, Bloomington, IN 47404",,Music,,$8 in Advance/$10 Day of the Show
31st Annual Harmony Golf Outing,Eagle Pointe Golf Resort,5/1/2011,7:30:00,14:30:00,"2250 East Pointe Road, Bloomington, IN 47401",,Sports,,Entry Fees Apply
"Lake (K Records), Agesandages (From Portland), Bollmar",The Bishop,5/6/2011,21:00:00,,"123 South Walnut Street, Bloomington, IN 47404",,Music,,$5
Coach Hep 5K,Memorial Stadium,5/14/2011,7:30:00,,"701 East 17th Street, Bloomington, IN 47408",,Recreation,,$35 Pledge
American Heart Association Heart Ball,Henke Hall of Champions,5/20/2011,19:00:00,,"701 East 17th Street, Bloomington, IN 47408",,Entertainment,,$150 Per Person or Packages of 8 Can Be Purchased
Still The River Runs,Bloomington Playwrights Project,5/20/2011,20:00:00,,"107 West 9th Street, Bloomington, IN 47404",,Entertainment,,$18 General; $15 Student/Senior; $5 Student Rush 5 Minutes Before the Show
Still The River Runs,Bloomington Playwrights Project,5/21/2011,20:00:00,,"107 West 9th Street, Bloomington, IN 47404",,Entertainment,,$18 General; $15 Student/Senior; $5 Student Rush 5 Minutes Before the Show
Matinee: Still The River Runs,Bloomington Playwrights Project,5/22/2011,14:00:00,,"107 West 9th Street, Bloomington, IN 47404",,Entertainment,,$18 General; $15 Student/Senior; $5 Student Rush 5 Minutes Before the Show
Miles Away Preview Show,Bloomington Playwrights Project,4/7/2011,20:00:00,,"107 West 9th Street, Bloomington, IN 47404",,Entertainment
Bloomington Belly Dances,Bloomington Playwrights Project,4/29/2011,20:00:00,,"107 West 9th Street, Bloomington, IN 47404",,Entertainment
Miles Away  ,Bloomington Playwrights Project,4/8/2011,20:00:00,,"107 West 9th Street, Bloomington, IN 47404",,Entertainment,,$18 General; $15 Student/Senior; $5 Student Rush 5 Minutes Before the Show
Miles Away  ,Bloomington Playwrights Project,4/9/2011,20:00:00,,"107 West 9th Street, Bloomington, IN 47404",,Entertainment,,$18 General; $15 Student/Senior; $5 Student Rush 5 Minutes Before the Show
Miles Away  ,Bloomington Playwrights Project,4/10/2011,20:00:00,,"107 West 9th Street, Bloomington, IN 47404",,Entertainment,,$18 General; $15 Student/Senior; $5 Student Rush 5 Minutes Before the Show
Miles Away  ,Bloomington Playwrights Project,4/14/2011,20:00:00,,"107 West 9th Street, Bloomington, IN 47404",,Entertainment,,$18 General; $15 Student/Senior; $5 Student Rush 5 Minutes Before the Show
Miles Away  ,Bloomington Playwrights Project,4/15/2011,20:00:00,,"107 West 9th Street, Bloomington, IN 47404",,Entertainment,,$18 General; $15 Student/Senior; $5 Student Rush 5 Minutes Before the Show
Miles Away  ,Bloomington Playwrights Project,4/16/2011,20:00:00,,"107 West 9th Street, Bloomington, IN 47404",,Entertainment,,$18 General; $15 Student/Senior; $5 Student Rush 5 Minutes Before the Show
Miles Away  ,Bloomington Playwrights Project,4/21/2011,20:00:00,,"107 West 9th Street, Bloomington, IN 47404",,Entertainment,,$18 General; $15 Student/Senior; $5 Student Rush 5 Minutes Before the Show
Miles Away  ,Bloomington Playwrights Project,4/22/2011,20:00:00,,"107 West 9th Street, Bloomington, IN 47404",,Entertainment,,$18 General; $15 Student/Senior; $5 Student Rush 5 Minutes Before the Show
Miles Away  ,Bloomington Playwrights Project,4/23/2011,20:00:00,,"107 West 9th Street, Bloomington, IN 47404",,Entertainment,,$18 General; $15 Student/Senior; $5 Student Rush 5 Minutes Before the Show
Bloomington Katmandu,Tibetan Mongolian Buddhist Cultural Center,5/28/2011,,,"3655 South Snoddy Road, Bloomington, IN 47401",,Culture,,FREE
22nd Annual Summer Garden Walk,Monroe County History Center,6/18/2011,10:00:00,16:00:00,"202 East 6th Street, Bloomington, IN 47408",,Recreation,,$8 In Advance/$10 on the day of the walk
22nd Annual Summer Garden Walk,Monroe County History Center,6/19/2011,12:00:00,16:00:00,"202 East 6th Street, Bloomington, IN 47408",,Recreation,,$8 In Advance/$10 on the day of the walk
Friday Folk Series: Roger Salloom,Monroe County History Center,4/8/2011,20:00:00,,"202 East 6th Street, Bloomington, IN 47408",,Entertainment
Civil War Roundtable: The First Irish,Monroe County History Center,4/12/2011,19:00:00,,"202 East 6th Street, Bloomington, IN 47408",,Speech/Lecture
Record Store Day,Monroe County History Center,4/16/2011,13:00:00,20:00:00,"202 East 6th Street, Bloomington, IN 47408",,Music
Mobilization in Monroe County for the Civil War,Monroe County History Center,4/21/2011,19:00:00,,"202 East 6th Street, Bloomington, IN 47408",,Speech/Lecture
Pinewood Derby Workshops,Monroe County History Center,4/30/2011,10:00:00,16:00:00,"202 East 6th Street, Bloomington, IN 47408",,Entertainment
The Evolution of Civil War Music,Monroe County History Center,5/10/2011,19:00:00,,"202 East 6th Street, Bloomington, IN 47408",,Music
Civil War Collections,Monroe County History Center,5/19/2011,19:00:00,,"202 East 6th Street, Bloomington, IN 47408",,Speech/Lecture
Monroe County's Largest Garage Scale,Former RCA warehouse behind Cook Pharmica,6/10/2011,8:00:00,17:00:00,"1300 South Patterson Drive
Bloomington, IN 47403",,Recreation
Monroe County's Largest Garage Scale,Former RCA warehouse behind Cook Pharmica,6/11/2011,8:00:00,15:00:00,"1300 South Patterson Drive
Bloomington, IN 47403",,Recreation
Civil War Roundtable: The 27th Indiana Battle Flag and the Work of the Flag Preservation Division of the Indiana War Memorial,Monroe County History Center,6/14/2011,19:00:00,,"202 East 6th Street, Bloomington, IN 47408",,Entertainment
Limestone,Monroe County History Center,6/16/2011,19:00:00,,"202 East 6th Street, Bloomington, IN 47408",,Speech/Lecture
"I.U. Archives and What It Does 
for Monroe County Historians",Monroe County History Center,7/21/2011,19:00:00,,"202 East 6th Street, Bloomington, IN 47408",,Entertainment
"Farm Security Administration Photograpy, 1930's",Monroe County History Center,8/21/2011,19:00:00,,"202 East 6th Street, Bloomington, IN 47408",,Entertainment
Bridget Edwards on the Covenenters,Monroe County History Center,10/20/2011,19:00:00,,"202 East 6th Street, Bloomington, IN 47408",,Speech/Lecture
"Bloomington Town Bands: 
Concert Band Music Spanning Three Centuries
",Monroe County History Center,11/17/2011,19:00:00,,"202 East 6th Street, Bloomington, IN 47408",,Music
Irish Celtic Community Reception,Monroe County History Center,4/15/2011,17:00:00,20:00:00,"202 East 6th Street, Bloomington, IN 47408",,Art,,Adults' $2 and for children 5 - 17 $1; 4 & under FREE
Gem-Mineral-Fossil Show & Swap,Monroe County Fairgrounds,6/24/2011,10:00:00,18:30:00,"2800 South Kirby Road, Bloomington, IN 47403",,,,FREE
Gem-Mineral-Fossil Show & Swap,Monroe County Fairgrounds,6/25/2011,9:00:00,18:30:00,"2800 South Kirby Road, Bloomington, IN 47403",,,,FREE
Gem-Mineral-Fossil Show & Swap,Monroe County Fairgrounds,6/26/2011,10:00:00,16:00:00,"2800 South Kirby Road, Bloomington, IN 47403",,,,FREE
Red Eye Relay,Billy Hayes Track - Robert C. Haugh Outdoor Track,7/23/2011,16:00:00,22:30:00,"East of North Fee Lane across from Assembly Hall and Gladstein Fieldhouse Bloomington, IN 47406",,Recreation
Red Eye Relay,Billy Hayes Track - Robert C. Haugh Outdoor Track,7/24/2011,16:00:00,22:30:00,"East of North Fee Lane across from Assembly Hall and Gladstein Fieldhouse, Bloomington, IN 47406",,Recreation
"Ah, Wilderness!",Lee Norvell Theater and Drama,7/20/2011,19:30:00,,"275 North Jordan Avenue,
Bloomington, IN 47405",,Entertainment,Indiana Theater Festival
"Ah, Wilderness!",Lee Norvell Theater and Drama,7/21/2011,19:30:00,,"275 North Jordan Avenue,
Bloomington, IN 47405",,Entertainment,Indiana Theater Festival
"Ah, Wilderness!",Lee Norvell Theater and Drama,7/22/2011,19:30:00,,"275 North Jordan Avenue,
Bloomington, IN 47405",,Entertainment,Indiana Theater Festival
"Ah, Wilderness!",Lee Norvell Theater and Drama,7/23/2011,19:30:00,,"275 North Jordan Avenue,
Bloomington, IN 47405",,Entertainment,Indiana Theater Festival
"Ah, Wilderness!",Lee Norvell Theater and Drama,7/24/2011,19:30:00,,"275 North Jordan Avenue,
Bloomington, IN 47405",,Entertainment,Indiana Theater Festival
The Comedy of Errors,Lee Norvell Theater and Drama,7/13/2011,18:00:00,,"275 North Jordan Avenue,
Bloomington, IN 47405",,Entertainment,Indiana Theater Festival
"Ah, Wilderness!",Lee Norvell Theater and Drama,7/26/2011,18:30:00,,"275 North Jordan Avenue,
Bloomington, IN 47405",,Entertainment,Indiana Theater Festival
"Ah, Wilderness!",Lee Norvell Theater and Drama,7/31/2011,14:00:00,,"275 North Jordan Avenue,
Bloomington, IN 47405",,Entertainment,Indiana Theater Festival
"Ah, Wilderness!",Lee Norvell Theater and Drama,7/28/2011,19:30:00,,"275 North Jordan Avenue,
Bloomington, IN 47405",,Entertainment,Indiana Theater Festival
The Comedy of Errors,Lee Norvell Theater and Drama,7/14/2011,19:30:00,,"275 North Jordan Avenue,
Bloomington, IN 47405",,Entertainment,Indiana Theater Festival
"Ah, Wilderness!",Lee Norvell Theater and Drama,7/30/2011,19:30:00,,"275 North Jordan Avenue,
Bloomington, IN 47405",,Entertainment,Indiana Theater Festival
The Comedy of Errors,Lee Norvell Theater and Drama,7/15/2011,19:30:00,,"275 North Jordan Avenue,
Bloomington, IN 47405",,Entertainment,Indiana Theater Festival
The Comedy of Errors,Lee Norvell Theater and Drama,7/23/2011,19:30:00,,"275 North Jordan Avenue,
Bloomington, IN 47405",,Entertainment,Indiana Theater Festival
The Comedy of Errors,Lee Norvell Theater and Drama,7/27/2011,19:30:00,,"275 North Jordan Avenue,
Bloomington, IN 47405",,Entertainment,Indiana Theater Festival
The Comedy of Errors,Lee Norvell Theater and Drama,7/29/2011,19:30:00,,"275 North Jordan Avenue,
Bloomington, IN 47405",,Entertainment,Indiana Theater Festival
The Comedy of Errors,Lee Norvell Theater and Drama,7/16/2011,14:00:00,,"275 North Jordan Avenue,
Bloomington, IN 47405",,Entertainment,Indiana Theater Festival
The Comedy of Errors,Lee Norvell Theater and Drama,7/16/2011,19:30:00,,"275 North Jordan Avenue,
Bloomington, IN 47405",,Entertainment,Indiana Theater Festival
The Comedy of Errors,Lee Norvell Theater and Drama,7/24/2011,14:00:00,,"275 North Jordan Avenue,
Bloomington, IN 47405",,Entertainment,Indiana Theater Festival
The Comedy of Errors,Lee Norvell Theater and Drama,7/30/2011,14:00:00,,"275 North Jordan Avenue,
Bloomington, IN 47405",,Entertainment,Indiana Theater Festival
Anything Goes,Lee Norvell Theater and Drama,4/19/2011,19:30:00,,"275 North Jordan Avenue,
Bloomington, IN 47405",,Entertainment
Anything Goes,Lee Norvell Theater and Drama,4/20/2011,19:30:00,,"275 North Jordan Avenue,
Bloomington, IN 47405",,Entertainment
Anything Goes,Lee Norvell Theater and Drama,4/21/2011,19:30:00,,"275 North Jordan Avenue,
Bloomington, IN 47405",,Entertainment
Anything Goes,Lee Norvell Theater and Drama,4/22/2011,19:30:00,,"275 North Jordan Avenue,
Bloomington, IN 47405",,Entertainment
The Music Man Preview,Lee Norvell Theater and Drama,6/23/2011,18:00:00,,"275 North Jordan Avenue,
Bloomington, IN 47405",,Entertainment,Indiana Festival Theater
The Music Man  ,Lee Norvell Theater and Drama,6/24/2011,19:30:00,,"275 North Jordan Avenue,
Bloomington, IN 47405",,Entertainment,Indiana Festival Theater
The Music Man,Lee Norvell Theater and Drama,6/25/2011,19:30:00,,"275 North Jordan Avenue,
Bloomington, IN 47405",,Entertainment,Indiana Festival Theater
The Music Man,Lee Norvell Theater and Drama,6/26/2011,19:30:00,,"275 North Jordan Avenue,
Bloomington, IN 47405",,Entertainment,Indiana Festival Theater
The Music Man,Lee Norvell Theater and Drama,6/26/2011,14:00:00,,"275 North Jordan Avenue,
Bloomington, IN 47405",,Entertainment,Indiana Festival Theater
The Music Man,Lee Norvell Theater and Drama,6/28/2011,19:30:00,,"275 North Jordan Avenue,
Bloomington, IN 47405",,Entertainment,Indiana Festival Theater
The Music Man,Lee Norvell Theater and Drama,6/29/2011,19:30:00,,"275 North Jordan Avenue,
Bloomington, IN 47405",,Entertainment,Indiana Festival Theater
The Music Man,Lee Norvell Theater and Drama,6/30/2011,19:30:00,,"275 North Jordan Avenue,
Bloomington, IN 47405",,Entertainment,Indiana Festival Theater
The Music Man,Lee Norvell Theater and Drama,7/1/2011,19:30:00,,"275 North Jordan Avenue,
Bloomington, IN 47405",,Entertainment,Indiana Festival Theater
The Music Man,Lee Norvell Theater and Drama,7/2/2011,19:30:00,,"275 North Jordan Avenue,
Bloomington, IN 47405",,Entertainment,Indiana Festival Theater
The Music Man,Lee Norvell Theater and Drama,7/3/2011,19:30:00,,"275 North Jordan Avenue,
Bloomington, IN 47405",,Entertainment,Indiana Festival Theater
My Fair Lady,Buskirk Chumley Theater,6/17/2011,19:00:00,,"114 East Kirkwood Avenue, Bloomington, IN 47408",,Entertainment,,Adult: $21.50 - $28.50; Student: $14 - $16; Children: $12
The Music Man,Lee Norvell Theater and Drama,7/5/2011,19:30:00,,"275 North Jordan Avenue,
Bloomington, IN 47405",,Entertainment,Indiana Festival Theater
The Music Man,Lee Norvell Theater and Drama,7/6/2011,19:30:00,,"275 North Jordan Avenue,
Bloomington, IN 47405",,Entertainment,Indiana Festival Theater
The Music Man,Lee Norvell Theater and Drama,7/7/2011,19:30:00,,"275 North Jordan Avenue,
Bloomington, IN 47405",,Entertainment,Indiana Festival Theater
The Music Man,Lee Norvell Theater and Drama,7/8/2011,19:30:00,,"275 North Jordan Avenue,
Bloomington, IN 47405",,Entertainment,Indiana Festival Theater
The Music Man,Lee Norvell Theater and Drama,7/9/2011,19:30:00,,"275 North Jordan Avenue,
Bloomington, IN 47405",,Entertainment,Indiana Festival Theater
My Fair Lady,Buskirk Chumley Theater,6/18/2011,14:00:00,,"114 East Kirkwood Avenue, Bloomington, IN 47408",,Entertainment,,Adult: $21.50 - $28.50; Student: $14 - $16; Children: $12
My Fair Lady,Buskirk Chumley Theater,6/19/2011,14:00:00,,"114 East Kirkwood Avenue, Bloomington, IN 47408",,Entertainment,,Adult: $21.50 - $28.50; Student: $14 - $16; Children: $12
My Fair Lady,Buskirk Chumley Theater,6/24/2011,19:00:00,,"114 East Kirkwood Avenue, Bloomington, IN 47408",,Entertainment,,Adult: $21.50 - $28.50; Student: $14 - $16; Children: $12
My Fair Lady,Buskirk Chumley Theater,6/25/2011,14:00:00,,"114 East Kirkwood Avenue, Bloomington, IN 47408",,Entertainment,,Adult: $21.50 - $28.50; Student: $14 - $16; Children: $12
My Fair Lady,Buskirk Chumley Theater,6/26/2011,14:00:00,,"114 East Kirkwood Avenue, Bloomington, IN 47408",,Entertainment,,Adult: $21.50 - $28.50; Student: $14 - $16; Children: $12
A Year With Frog and Toad,John Waldron Auditorium,5/12/2011,19:00:00,,"122 South Walnut Street, Bloomington, IN 47404",,Entertainment
A Year With Frog and Toad,John Waldron Auditorium,5/13/2011,19:00:00,,"122 South Walnut Street, Bloomington, IN 47404",,Entertainment
A Year With Frog and Toad,John Waldron Auditorium,5/14/2011,14:00:00,,"122 South Walnut Street, Bloomington, IN 47404",,Entertainment
A Year With Frog and Toad,John Waldron Auditorium,5/14/2011,19:00:00,,"122 South Walnut Street, Bloomington, IN 47404",,Entertainment
A Year With Frog and Toad,John Waldron Auditorium,5/15/2011,14:00:00,,"122 South Walnut Street, Bloomington, IN 47404",,Entertainment
A Year With Frog and Toad,John Waldron Auditorium,5/19/2011,19:00:00,,"122 South Walnut Street, Bloomington, IN 47404",,Entertainment
A Year With Frog and Toad,John Waldron Auditorium,5/20/2011,19:00:00,,"122 South Walnut Street, Bloomington, IN 47404",,Entertainment
A Year With Frog and Toad,John Waldron Auditorium,5/21/2011,14:00:00,,"122 South Walnut Street, Bloomington, IN 47404",,Entertainment
A Year With Frog and Toad,John Waldron Auditorium,5/21/2011,19:00:00,,"122 South Walnut Street, Bloomington, IN 47404",,Entertainment
A Year With Frog and Toad,John Waldron Auditorium,5/22/2011,14:00:00,,"122 South Walnut Street, Bloomington, IN 47404",,Entertainment
A Year With Frog and Toad,John Waldron Auditorium,5/15/2011,19:00:00,,"122 South Walnut Street, Bloomington, IN 47404",,Entertainment
A Year With Frog and Toad,John Waldron Auditorium,5/22/2011,19:00:00,,"122 South Walnut Street, Bloomington, IN 47404",,Entertainment
A Year With Frog and Toad,John Waldron Auditorium,5/26/2011,19:00:00,,"122 South Walnut Street, Bloomington, IN 47404",,Entertainment
A Year With Frog and Toad,John Waldron Auditorium,5/27/2011,19:00:00,,"122 South Walnut Street, Bloomington, IN 47404",,Entertainment
A Year With Frog and Toad,John Waldron Auditorium,5/28/2011,14:00:00,,"122 South Walnut Street, Bloomington, IN 47404",,Entertainment
A Year With Frog and Toad,John Waldron Auditorium,5/28/2011,19:00:00,,"122 South Walnut Street, Bloomington, IN 47404",,Entertainment
A Year With Frog and Toad,John Waldron Auditorium,5/29/2011,14:00:00,,"122 South Walnut Street, Bloomington, IN 47404",,Entertainment
A Year With Frog and Toad,John Waldron Auditorium,5/29/2011,19:00:00,,"122 South Walnut Street, Bloomington, IN 47404",,Entertainment
My Fair Lady,Buskirk Chumley Theater,6/12/2011,19:00:00,,"114 East Kirkwood Avenue, Bloomington, IN 47408",,Entertainment,,Adult: $21.50 - $28.50; Student: $14 - $16; Children: $12
My Fair Lady,Buskirk Chumley Theater,6/18/2011,19:00:00,,"114 East Kirkwood Avenue, Bloomington, IN 47408",,Entertainment,,Adult: $21.50 - $28.50; Student: $14 - $16; Children: $12
My Fair Lady,Buskirk Chumley Theater,6/19/2011,19:00:00,,"114 East Kirkwood Avenue, Bloomington, IN 47408",,Entertainment,,Adult: $21.50 - $28.50; Student: $14 - $16; Children: $12
My Fair Lady,Buskirk Chumley Theater,6/23/2011,19:00:00,,"114 East Kirkwood Avenue, Bloomington, IN 47408",,Entertainment,,Adult: $21.50 - $28.50; Student: $14 - $16; Children: $12
My Fair Lady,Buskirk Chumley Theater,6/25/2011,19:00:00,,"114 East Kirkwood Avenue, Bloomington, IN 47408",,Entertainment,,Adult: $21.50 - $28.50; Student: $14 - $16; Children: $12
My Fair Lady,Buskirk Chumley Theater,6/26/2011,19:00:00,,"114 East Kirkwood Avenue, Bloomington, IN 47408",,Entertainment,,Adult: $21.50 - $28.50; Student: $14 - $16; Children: $12
The Lonesome West,John Waldron Auditorium - Rose Firebay,4/1/2011,19:30:00,,"122 South Walnut Street, Bloomington, IN 47404",,Entertainment,,Adult: $24.50; Student: $15; Children 12 and under: $12
The Lonesome West,John Waldron Auditorium - Rose Firebay,4/2/2011,15:00:00,,"122 South Walnut Street, Bloomington, IN 47404",,Entertainment,,Adult: $24.50; Student: $15; Children 12 and under: $12
The Lonesome West,John Waldron Auditorium - Rose Firebay,4/2/2011,20:00:00,,"122 South Walnut Street, Bloomington, IN 47404",,Entertainment,,Adult: $24.50; Student: $15; Children 12 and under: $12
The Lonesome West,John Waldron Auditorium - Rose Firebay,4/3/2011,14:00:00,,"122 South Walnut Street, Bloomington, IN 47404",,Entertainment,,Adult: $24.50; Student: $15; Children 12 and under: $12
The Lonesome West,John Waldron Auditorium - Rose Firebay,4/3/2011,19:00:00,,"122 South Walnut Street, Bloomington, IN 47404",,Entertainment,,Adult: $24.50; Student: $15; Children 12 and under: $12
The Lonesome West,John Waldron Auditorium - Rose Firebay,4/7/2011,19:30:00,,"122 South Walnut Street, Bloomington, IN 47404",,Entertainment,,Adult: $24.50; Student: $15; Children 12 and under: $12
The Lonesome West,John Waldron Auditorium - Rose Firebay,4/8/2011,19:30:00,,"122 South Walnut Street, Bloomington, IN 47404",,Entertainment,,Adult: $24.50; Student: $15; Children 12 and under: $12
The Lonesome West,John Waldron Auditorium - Rose Firebay,4/9/2011,15:00:00,,"122 South Walnut Street, Bloomington, IN 47404",,Entertainment,,Adult: $24.50; Student: $15; Children 12 and under: $12
The Lonesome West,John Waldron Auditorium - Rose Firebay,4/9/2011,20:00:00,,"122 South Walnut Street, Bloomington, IN 47404",,Entertainment,,Adult: $24.50; Student: $15; Children 12 and under: $12
The Lonesome West,John Waldron Auditorium - Rose Firebay,4/10/2011,14:00:00,,"122 South Walnut Street, Bloomington, IN 47404",,Entertainment,,Adult: $24.50; Student: $15; Children 12 and under: $12
The Lonesome West,John Waldron Auditorium - Rose Firebay,4/10/2011,19:00:00,,"122 South Walnut Street, Bloomington, IN 47404",,Entertainment,,Adult: $24.50; Student: $15; Children 12 and under: $12
IU Opera World Premiere: Vincent,Musical Arts Center,4/8/2011,20:00:00,,"101 North Jordan Avenue, Bloomington, IN 47406",,Music
IU Opera World Premiere: Vincent,Musical Arts Center,4/9/2011,20:00:00,,"101 North Jordan Avenue, Bloomington, IN 47406",,Music
IU Opera World Premiere: Vincent,Musical Arts Center,4/15/2011,20:00:00,,"101 North Jordan Avenue, Bloomington, IN 47406",,Music
IU Opera World Premiere: Vincent,Musical Arts Center,4/16/2011,20:00:00,,"101 North Jordan Avenue, Bloomington, IN 47406",,Music